gtin,honest_sign_name
04670332742266,HALF-ZIP HOODIE BLACK(L)
04670332742273,HALF-ZIP HOODIE BLACK(M)
04670332742280,HALF-ZIP HOODIE BLACK(S)
04670332742297,HALF-ZIP HOODIE BLACK(XL)
04670332742303,HALF-ZIP HOODIE GREEN(L)
04670332742310,HALF-ZIP HOODIE GREEN(M)
04670332742327,HALF-ZIP HOODIE GREEN(S)
04670332742334,HALF-ZIP HOODIE GREEN(XL)
04670332740545,HMLS SHORTS DOLLAR GREEN(L (Рост 170-180))
04670332740552,HMLS SHORTS DOLLAR GREEN(M (Рост 160-170))
04670332740569,HMLS SHORTS DOLLAR GREEN(S (Рост 150-160))
04670332740576,HMLS SHORTS DOLLAR GREEN(XL (Рост 180-190))
04670332740743,HMLS SHORTS GREY(L (Рост 170-180))
04670332740750,HMLS SHORTS GREY(M (Рост 160-170))
04670332740767,HMLS SHORTS GREY(S (Рост 150-160))
04670332740774,HMLS SHORTS GREY(XL (Рост 180-190))
04670332740989,HOMMELESS SHORTS(L (Рост 175-182см))
04670332740996,HOMMELESS SHORTS(M (Рост 170-175см))
04670332741009,HOMMELESS SHORTS(S (Рост 160-170см))
04670332741016,HOMMELESS SHORTS(XL (Рост 180-184см))
04670332741061,SHORTS WHITE(L (180-185))
04670332741078,SHORTS WHITE(M (170-180))
04670332741085,SHORTS WHITE(S (160-170))
04670332741092,SHORTS WHITE(XL (185+))
04670332741863,SIGNATURE HALF-ZIP BEIGE(L)
04670332741870,SIGNATURE HALF-ZIP BEIGE(M)
04670332741887,SIGNATURE HALF-ZIP BEIGE(S)
04670332741894,SIGNATURE HALF-ZIP BEIGE(XL)
04670332741986,SIGNATURE HALF-ZIP BLACK(L)
04670332741993,SIGNATURE HALF-ZIP BLACK(M)
04670332742006,SIGNATURE HALF-ZIP BLACK(S)
04670332742013,SIGNATURE HALF-ZIP BLACK(XL)
04670332742068,SIGNATURE HALF-ZIP GREEN(L)
04670332742075,SIGNATURE HALF-ZIP GREEN(M)
04670332742082,SIGNATURE HALF-ZIP GREEN(S)
04670332742099,SIGNATURE HALF-ZIP GREEN(XL)
04670332743294,"БОМБЕР ""BASE BLACK BOMBER"" ЧЁРНЫЙ L"
04670332743287,"БОМБЕР ""BASE BLACK BOMBER"" ЧЁРНЫЙ M"
04670332743270,"БОМБЕР ""BASE BLACK BOMBER"" ЧЁРНЫЙ S"
04670332743300,"БОМБЕР ""BASE BLACK BOMBER"" ЧЁРНЫЙ XL"
04670332747452,"БОМБЕР ""BASE BLACK BOMBER"" ЧЁРНЫЙ XS"
04670332743256,"БОМБЕР ""BASE GREY BOMBER"" СЕРЫЙ L"
04670332743249,"БОМБЕР ""BASE GREY BOMBER"" СЕРЫЙ M"
04670332743232,"БОМБЕР ""BASE GREY BOMBER"" СЕРЫЙ S"
04670332743263,"БОМБЕР ""BASE GREY BOMBER"" СЕРЫЙ XL"
04670332747476,"БОМБЕР ""BASE GREY BOMBER"" СЕРЫЙ XS"
04670332743218,"БОМБЕР ""BASE KHAKI BOMBER"" ХАКИ L"
04670332743201,"БОМБЕР ""BASE KHAKI BOMBER"" ХАКИ M"
04670332743195,"БОМБЕР ""BASE KHAKI BOMBER"" ХАКИ S"
04670332743225,"БОМБЕР ""BASE KHAKI BOMBER"" ХАКИ XL"
04670332743171,"БОМБЕР ""CAMO BLACK BOMBER"" ЧЁРНЫЙ L"
04670332743164,"БОМБЕР ""CAMO BLACK BOMBER"" ЧЁРНЫЙ M"
04670332743157,"БОМБЕР ""CAMO BLACK BOMBER"" ЧЁРНЫЙ S"
04670332743188,"БОМБЕР ""CAMO BLACK BOMBER"" ЧЁРНЫЙ XL"
04670332743133,"БОМБЕР ""CAMO PURPLE BOMBER"" ФИОЛЕТОВЫЙ L"
04670332743126,"БОМБЕР ""CAMO PURPLE BOMBER"" ФИОЛЕТОВЫЙ M"
04670332743119,"БОМБЕР ""CAMO PURPLE BOMBER"" ФИОЛЕТОВЫЙ S"
04670332743140,"БОМБЕР ""CAMO PURPLE BOMBER"" ФИОЛЕТОВЫЙ XL"
04670332743096,"БОМБЕР ""DIAMOND BOMBER"" ЧЁРНЫЙ L"
04670332743089,"БОМБЕР ""DIAMOND BOMBER"" ЧЁРНЫЙ M"
04670332743072,"БОМБЕР ""DIAMOND BOMBER"" ЧЁРНЫЙ S"
04670332743102,"БОМБЕР ""DIAMOND BOMBER"" ЧЁРНЫЙ XL"
04670332747483,"БОМБЕР ""DIAMOND BOMBER"" ЧЁРНЫЙ XS"
04670332743058,"БОМБЕР ""MANSION BOMBER"" ЧЁРНЫЙ L"
04670332743041,"БОМБЕР ""MANSION BOMBER"" ЧЁРНЫЙ M"
04670332743034,"БОМБЕР ""MANSION BOMBER"" ЧЁРНЫЙ S"
04670332743065,"БОМБЕР ""MANSION BOMBER"" ЧЁРНЫЙ XL"
04670332746578,"БРЮКИ ""CULTURE PANTS BLACK"" ЧЕРНЫЕ L"
04670332746561,"БРЮКИ ""CULTURE PANTS BLACK"" ЧЕРНЫЕ M"
04670332746554,"БРЮКИ ""CULTURE PANTS BLACK"" ЧЕРНЫЕ S"
04670332746585,"БРЮКИ ""CULTURE PANTS BLACK"" ЧЕРНЫЕ XL"
04670332747063,"БРЮКИ ""CULTURE PANTS BLACK"" ЧЕРНЫЕ XS"
04670332746615,"БРЮКИ ""CULTURE PANTS BLUE"" СИНИЕ L"
04670332746608,"БРЮКИ ""CULTURE PANTS BLUE"" СИНИЕ M"
04670332746592,"БРЮКИ ""CULTURE PANTS BLUE"" СИНИЕ S"
04670332746622,"БРЮКИ ""CULTURE PANTS BLUE"" СИНИЕ XL"
04670332747070,"БРЮКИ ""CULTURE PANTS BLUE"" СИНИЕ XS"
04670332746653,"БРЮКИ ""CULTURE PANTS GREY"" СЕРЫЕ L"
04670332746646,"БРЮКИ ""CULTURE PANTS GREY"" СЕРЫЕ M"
04670332746639,"БРЮКИ ""CULTURE PANTS GREY"" СЕРЫЕ S"
04670332746660,"БРЮКИ ""CULTURE PANTS GREY"" СЕРЫЕ XL"
04670332747087,"БРЮКИ ""CULTURE PANTS GREY"" СЕРЫЕ XS"
04670332746691,"БРЮКИ ""CULTURE PANTS MELANGE"" СЕРЫЕ L"
04670332746684,"БРЮКИ ""CULTURE PANTS MELANGE"" СЕРЫЕ M"
04670332746677,"БРЮКИ ""CULTURE PANTS MELANGE"" СЕРЫЕ S"
04670332746707,"БРЮКИ ""CULTURE PANTS MELANGE"" СЕРЫЕ XL"
04670332747094,"БРЮКИ ""CULTURE PANTS MELANGE"" СЕРЫЕ XS"
04670332744338,"БРЮКИ ""DIAMOND PANTS BLACK"" ЧЕРНЫЕ L"
04670332743508,"БРЮКИ ""DIAMOND PANTS BLACK"" ЧЁРНЫЕ L"
04670332744321,"БРЮКИ ""DIAMOND PANTS BLACK"" ЧЕРНЫЕ M"
04670332743492,"БРЮКИ ""DIAMOND PANTS BLACK"" ЧЁРНЫЕ M"
04670332744314,"БРЮКИ ""DIAMOND PANTS BLACK"" ЧЕРНЫЕ S"
04670332743485,"БРЮКИ ""DIAMOND PANTS BLACK"" ЧЁРНЫЕ S"
04670332744345,"БРЮКИ ""DIAMOND PANTS BLACK"" ЧЕРНЫЕ XL"
04670332743515,"БРЮКИ ""DIAMOND PANTS BLACK"" ЧЁРНЫЕ XL"
04670332746868,"БРЮКИ ""DIAMOND PANTS BLACK"" ЧЕРНЫЕ XS"
04670332747001,"БРЮКИ ""DIAMOND PANTS MELANGE"" СЕРЫЕ L"
04670332746998,"БРЮКИ ""DIAMOND PANTS MELANGE"" СЕРЫЕ M"
04670332746981,"БРЮКИ ""DIAMOND PANTS MELANGE"" СЕРЫЕ S"
04670332747018,"БРЮКИ ""DIAMOND PANTS MELANGE"" СЕРЫЕ XL"
04670332746974,"БРЮКИ ""DIAMOND PANTS MELANGE"" СЕРЫЕ XS"
04670332747223,"БРЮКИ ""DIAMOND PANTS PINK"" РОЗОВЫЕ L"
04670332747216,"БРЮКИ ""DIAMOND PANTS PINK"" РОЗОВЫЕ M"
04670332747209,"БРЮКИ ""DIAMOND PANTS PINK"" РОЗОВЫЕ S"
04670332747230,"БРЮКИ ""DIAMOND PANTS PINK"" РОЗОВЫЕ XL"
04670332747193,"БРЮКИ ""DIAMOND PANTS PINK"" РОЗОВЫЕ XS"
04610634460376,"ДЖИНСЫ ""DIAMOND JEANS BLACK"" ЧЕРНЫЕ 2XS"
04610634460413,"ДЖИНСЫ ""DIAMOND JEANS BLACK"" ЧЕРНЫЕ L"
04610634460406,"ДЖИНСЫ ""DIAMOND JEANS BLACK"" ЧЕРНЫЕ M"
04610634460390,"ДЖИНСЫ ""DIAMOND JEANS BLACK"" ЧЕРНЫЕ S"
04610634460383,"ДЖИНСЫ ""DIAMOND JEANS BLACK"" ЧЕРНЫЕ XS"
04610634460420,"ДЖИНСЫ ""DIAMOND JEANS SKY BLUE"" ГОЛУБЫЕ 2XS"
04610634460468,"ДЖИНСЫ ""DIAMOND JEANS SKY BLUE"" ГОЛУБЫЕ L"
04610634460451,"ДЖИНСЫ ""DIAMOND JEANS SKY BLUE"" ГОЛУБЫЕ M"
04610634460444,"ДЖИНСЫ ""DIAMOND JEANS SKY BLUE"" ГОЛУБЫЕ S"
04610634460437,"ДЖИНСЫ ""DIAMOND JEANS SKY BLUE"" ГОЛУБЫЕ XS"
04670332743546,"ДЖИНСЫ ""DIAMOND JEANS"" ЧЁРНЫЕ L"
04670332743539,"ДЖИНСЫ ""DIAMOND JEANS"" ЧЁРНЫЕ M"
04670332743522,"ДЖИНСЫ ""DIAMOND JEANS"" ЧЁРНЫЕ S"
04670332743553,"ДЖИНСЫ ""DIAMOND JEANS"" ЧЁРНЫЕ XL"
04670332743461,"ДЖИНСЫ ""DIAMOND JEANS"" ЧЁРНЫЕ XS"
04670332747131,"ДЖИНСЫ ""MONOGRAM JEANS SKY BLUE"" ГОЛУБЫЕ 2XL"
04670332747148,"ДЖИНСЫ ""MONOGRAM JEANS SKY BLUE"" ГОЛУБЫЕ 3XL"
04670332745830,"ДЖИНСЫ ""MONOGRAM JEANS SKY BLUE"" ГОЛУБЫЕ L"
04670332745823,"ДЖИНСЫ ""MONOGRAM JEANS SKY BLUE"" ГОЛУБЫЕ M"
04670332745816,"ДЖИНСЫ ""MONOGRAM JEANS SKY BLUE"" ГОЛУБЫЕ S"
04670332745847,"ДЖИНСЫ ""MONOGRAM JEANS SKY BLUE"" ГОЛУБЫЕ XL"
04670332745809,"ДЖИНСЫ ""MONOGRAM JEANS SKY BLUE"" ГОЛУБЫЕ XS"
04670332747117,"ДЖИНСЫ ""MONOGRAM JEANS STONE BLACK"" ЧЁРНЫЕ 2XL"
04670332747124,"ДЖИНСЫ ""MONOGRAM JEANS STONE BLACK"" ЧЁРНЫЕ 3XL"
04670332745786,"ДЖИНСЫ ""MONOGRAM JEANS STONE BLACK"" ЧЁРНЫЕ L"
04670332745779,"ДЖИНСЫ ""MONOGRAM JEANS STONE BLACK"" ЧЁРНЫЕ M"
04670332745762,"ДЖИНСЫ ""MONOGRAM JEANS STONE BLACK"" ЧЁРНЫЕ S"
04670332745793,"ДЖИНСЫ ""MONOGRAM JEANS STONE BLACK"" ЧЁРНЫЕ XL"
04670332745755,"ДЖИНСЫ ""MONOGRAM JEANS STONE BLACK"" ЧЁРНЫЕ XS"
04670332747155,"ДЖИНСЫ ""MONOGRAM JEANS WASHED BLUE"" СИНИЕ 2XL"
04670332747162,"ДЖИНСЫ ""MONOGRAM JEANS WASHED BLUE"" СИНИЕ 3XL"
04670332745885,"ДЖИНСЫ ""MONOGRAM JEANS WASHED BLUE"" СИНИЕ L"
04670332745878,"ДЖИНСЫ ""MONOGRAM JEANS WASHED BLUE"" СИНИЕ M"
04670332745861,"ДЖИНСЫ ""MONOGRAM JEANS WASHED BLUE"" СИНИЕ S"
04670332745892,"ДЖИНСЫ ""MONOGRAM JEANS WASHED BLUE"" СИНИЕ XL"
04670332745854,"ДЖИНСЫ ""MONOGRAM JEANS WASHED BLUE"" СИНИЕ XS"
04670332747520,"ЖИЛЕТКА ""BASE PUFFER VEST BLACK"" ЧЕРНАЯ L"
04670332747513,"ЖИЛЕТКА ""BASE PUFFER VEST BLACK"" ЧЕРНАЯ M"
04670332747506,"ЖИЛЕТКА ""BASE PUFFER VEST BLACK"" ЧЕРНАЯ S"
04670332747537,"ЖИЛЕТКА ""BASE PUFFER VEST BLACK"" ЧЕРНАЯ XL"
04670332747490,"ЖИЛЕТКА ""BASE PUFFER VEST BLACK"" ЧЕРНАЯ XS"
04670332743416,"ЖИЛЕТКА ""CAMO BLACK PUFFER VEST"" ЧЁРНАЯ L"
04670332743409,"ЖИЛЕТКА ""CAMO BLACK PUFFER VEST"" ЧЁРНАЯ M"
04670332743393,"ЖИЛЕТКА ""CAMO BLACK PUFFER VEST"" ЧЁРНАЯ S"
04670332743423,"ЖИЛЕТКА ""CAMO BLACK PUFFER VEST"" ЧЁРНАЯ XL"
04670332743379,"ЖИЛЕТКА ""CAMO PURPLE PUFFER VEST"" ФИОЛЕТОВАЯ L"
04670332743362,"ЖИЛЕТКА ""CAMO PURPLE PUFFER VEST"" ФИОЛЕТОВАЯ M"
04670332743355,"ЖИЛЕТКА ""CAMO PURPLE PUFFER VEST"" ФИОЛЕТОВАЯ S"
04670332743386,"ЖИЛЕТКА ""CAMO PURPLE PUFFER VEST"" ФИОЛЕТОВАЯ XL"
04670332747582,"ЖИЛЕТКА ""CARBON BLACK PUFFER VEST"" ЧЕРНАЯ L"
04670332747575,"ЖИЛЕТКА ""CARBON BLACK PUFFER VEST"" ЧЕРНАЯ M"
04670332747568,"ЖИЛЕТКА ""CARBON BLACK PUFFER VEST"" ЧЕРНАЯ S"
04670332747599,"ЖИЛЕТКА ""CARBON BLACK PUFFER VEST"" ЧЕРНАЯ XL"
04670332747551,"ЖИЛЕТКА ""CARBON BLACK PUFFER VEST"" ЧЕРНАЯ XS"
04670332743331,"ЖИЛЕТКА ""DIAMOND PUFFER VEST"" ЧЁРНАЯ L"
04670332743324,"ЖИЛЕТКА ""DIAMOND PUFFER VEST"" ЧЁРНАЯ M"
04670332743317,"ЖИЛЕТКА ""DIAMOND PUFFER VEST"" ЧЁРНАЯ S"
04670332743348,"ЖИЛЕТКА ""DIAMOND PUFFER VEST"" ЧЁРНАЯ XL"
04670332747544,"ЖИЛЕТКА ""DIAMOND PUFFER VEST"" ЧЁРНАЯ XS"
04670332740071,"ЖИЛЕТКА ""HMMLSS MONOGRAM DOWN JACKET BLACK"" ЧЕРНЫЙ L"
04670332741108,"ЖИЛЕТКА ""PUFFER VEST BEIGE"" БЕЖЕВАЯ L"
04670332741115,"ЖИЛЕТКА ""PUFFER VEST BEIGE"" БЕЖЕВЫЙ M"
04670332741122,"ЖИЛЕТКА ""PUFFER VEST BEIGE"" БЕЖЕВЫЙ S"
04670332741139,"ЖИЛЕТКА ""PUFFER VEST BEIGE"" БЕЖЕВЫЙ XL"
04670332741221,"ЖИЛЕТКА ""PUFFER VEST BLACK"" ЧЕРНЫЙ L"
04670332741245,"ЖИЛЕТКА ""PUFFER VEST BLACK"" ЧЁРНЫЙ S"
04670332741252,"ЖИЛЕТКА ""PUFFER VEST BLACK"" ЧЕРНЫЙ XL"
04670332741238,"ЖИЛЕТКА ""PUFFER VEST BLACK"" ЧЕРНЫЙ М"
04670332741184,"ЖИЛЕТКА ""PUFFER VEST GREY"" СЕРЫЙ L"
04670332741191,"ЖИЛЕТКА ""PUFFER VEST GREY"" СЕРЫЙ M"
04670332741207,"ЖИЛЕТКА ""PUFFER VEST GREY"" СЕРЫЙ S"
04670332741214,"ЖИЛЕТКА ""PUFFER VEST GREY"" СЕРЫЙ XL"
04670332741146,"ЖИЛЕТКА ""PUFFER VEST WHITE"" БЕЛЫЙ L"
04670332741153,"ЖИЛЕТКА ""PUFFER VEST WHITE"" БЕЛЫЙ M"
04670332741160,"ЖИЛЕТКА ""PUFFER VEST WHITE"" БЕЛЫЙ S"
04670332741177,"ЖИЛЕТКА ""PUFFER VEST WHITE"" БЕЛЫЙ XL"
04670332747681,"ЖИЛЕТКА ""REVERSIBLE PUFFER VEST RED"" КРАСНАЯ L"
04670332747674,"ЖИЛЕТКА ""REVERSIBLE PUFFER VEST RED"" КРАСНАЯ M"
04670332747667,"ЖИЛЕТКА ""REVERSIBLE PUFFER VEST RED"" КРАСНАЯ S"
04670332747698,"ЖИЛЕТКА ""REVERSIBLE PUFFER VEST RED"" КРАСНАЯ XL"
04670332747650,"ЖИЛЕТКА ""REVERSIBLE PUFFER VEST RED"" КРАСНАЯ XS"
04670332747636,"ЖИЛЕТКА ""REVERSIBLE PUFFER VEST WHITE"" БЕЛАЯ L"
04670332747629,"ЖИЛЕТКА ""REVERSIBLE PUFFER VEST WHITE"" БЕЛАЯ M"
04670332747612,"ЖИЛЕТКА ""REVERSIBLE PUFFER VEST WHITE"" БЕЛАЯ S"
04670332747643,"ЖИЛЕТКА ""REVERSIBLE PUFFER VEST WHITE"" БЕЛАЯ XL"
04670332747605,"ЖИЛЕТКА ""REVERSIBLE PUFFER VEST WHITE"" БЕЛАЯ XS"
04670332740927,"ЖИЛЕТКА ""VEST ALUMINIUM"""
04670332740903,"ЖИЛЕТКА ""VEST ALUMINIUM"" L"
04670332740910,"ЖИЛЕТКА ""VEST ALUMINIUM"" M"
04670332740934,"ЖИЛЕТКА ""VEST ALUMINIUM"" XL"
04670332741030,"ЖИЛЕТКА ""VEST BASE BLACK"" ЧЁРНЫЙ M"
04670332741047,"ЖИЛЕТКА ""VEST BASE BLACK"" ЧЕРНЫЙ S"
04670332741054,"ЖИЛЕТКА ""VEST BASE BLACK"" ЧЕРНЫЙ XL"
04670332740828,"ЖИЛЕТКА ""VEST VELUR ALUMINIUM BLACK"" ЧЕРНЫЙ L"
04670332740835,"ЖИЛЕТКА ""VEST VELUR ALUMINIUM BLACK"" ЧЕРНЫЙ M"
04670332740842,"ЖИЛЕТКА ""VEST VELUR ALUMINIUM BLACK"" ЧЕРНЫЙ S"
04670332740859,"ЖИЛЕТКА ""VEST VELUR ALUMINIUM BLACK"" ЧЕРНЫЙ XL"
04670332740781,"ЖИЛЕТКА ""VEST VELUR ALUMINIUM GREY"" СЕРЫЙ L"
04670332740804,"ЖИЛЕТКА ""VEST VELUR ALUMINIUM GREY"" СЕРЫЙ S"
04670332740811,"ЖИЛЕТКА ""VEST VELUR ALUMINIUM GREY"" СЕРЫЙ XL"
04670332741023,"ЖИЛЕТКА"" VEST BASE BLACK"" ЧЁРНЫЙ L"
04670332740798,"ЖИЛЕТКА"" VEST VELUR ALUMINIUM GREY"" СЕРЫЙ M"
04670332744086,"ЗИП-ХУДИ ""DIAMOND COLOR ZIP HOODIE BLACK"" ЧЕРНЫЙ L"
04670332744079,"ЗИП-ХУДИ ""DIAMOND COLOR ZIP HOODIE BLACK"" ЧЕРНЫЙ M"
04670332744062,"ЗИП-ХУДИ ""DIAMOND COLOR ZIP HOODIE BLACK"" ЧЕРНЫЙ S"
04670332744093,"ЗИП-ХУДИ ""DIAMOND COLOR ZIP HOODIE BLACK"" ЧЕРНЫЙ XL"
04670332744123,"ЗИП-ХУДИ ""DIAMOND COLOR ZIP HOODIE BLUE"" СИНИЙ L"
04670332744116,"ЗИП-ХУДИ ""DIAMOND COLOR ZIP HOODIE BLUE"" СИНИЙ M"
04670332744109,"ЗИП-ХУДИ ""DIAMOND COLOR ZIP HOODIE BLUE"" СИНИЙ S"
04670332744130,"ЗИП-ХУДИ ""DIAMOND COLOR ZIP HOODIE BLUE"" СИНИЙ XL"
04670332744161,"ЗИП-ХУДИ ""DIAMOND COLOR ZIP HOODIE GREY"" СЕРЫЙ L"
04670332744154,"ЗИП-ХУДИ ""DIAMOND COLOR ZIP HOODIE GREY"" СЕРЫЙ M"
04670332744147,"ЗИП-ХУДИ ""DIAMOND COLOR ZIP HOODIE GREY"" СЕРЫЙ S"
04670332744178,"ЗИП-ХУДИ ""DIAMOND COLOR ZIP HOODIE GREY"" СЕРЫЙ XL"
04670332744208,"ЗИП-ХУДИ ""DIAMOND COLOR ZIP HOODIE RED"" КРАСНЫЙ L"
04670332744192,"ЗИП-ХУДИ ""DIAMOND COLOR ZIP HOODIE RED"" КРАСНЫЙ M"
04670332744185,"ЗИП-ХУДИ ""DIAMOND COLOR ZIP HOODIE RED"" КРАСНЫЙ S"
04670332744215,"ЗИП-ХУДИ ""DIAMOND COLOR ZIP HOODIE RED"" КРАСНЫЙ XL"
04670332744291,"ЗИП-ХУДИ ""DIAMOND ZIP HOODIE"" ЧЕРНЫЙ L"
04670332742761,"ЗИП-ХУДИ ""DIAMOND ZIP HOODIE"" ЧЁРНЫЙ L"
04670332744284,"ЗИП-ХУДИ ""DIAMOND ZIP HOODIE"" ЧЕРНЫЙ M"
04670332742754,"ЗИП-ХУДИ ""DIAMOND ZIP HOODIE"" ЧЁРНЫЙ M"
04670332744277,"ЗИП-ХУДИ ""DIAMOND ZIP HOODIE"" ЧЕРНЫЙ S"
04670332742747,"ЗИП-ХУДИ ""DIAMOND ZIP HOODIE"" ЧЁРНЫЙ S"
04603785039010,"ЗИП-ХУДИ ""DIAMOND ZIP HOODIE"" ЧЁРНЫЙ S"
04670332744307,"ЗИП-ХУДИ ""DIAMOND ZIP HOODIE"" ЧЕРНЫЙ XL"
04670332742778,"ЗИП-ХУДИ ""DIAMOND ZIP HOODIE"" ЧЁРНЫЙ XL"
04670332747469,"ЗИП-ХУДИ ""DIAMOND ZIP HOODIE"" ЧЁРНЫЙ XS"
04670332741320,"ЗИП-ХУДИ ""FULL-ZIP HMLS V2 GREY"" СЕРЫЙ S"
04670332741337,"ЗИП-ХУДИ ""FULL-ZIP HMLS V2 GREY"" СЕРЫЙ XL"
04670332742037,"ЗИП-ХУДИ ""Full-Zip Hoodie Blank"" ЧЕРНЫЙ M"
04670332742051,"ЗИП-ХУДИ ""Full-Zip Hoodie Blank"" ЧЕРНЫЙ XL"
04670332741955,"ЗИП-ХУДИ ""SIGNATURE ZIP-HOODIE BLACK"" ЧЁРНЫЙ M"
04670332741962,"ЗИП-ХУДИ ""SIGNATURE ZIP-HOODIE BLACK"" ЧЕРНЫЙ S"
04670332741719,"ЗИП-ХУДИ ""SIGNATURE ZIP-HOODIE GREY"" СЕРЫЙ M"
04670332741733,"ЗИП-ХУДИ ""SIGNATURE ZIP-HOODIE GREY"" СЕРЫЙ XL"
04670332742921,"ЗИП-ХУДИ ""SWEETHEART ZIP HOODIE CROP"" СЕРЫЙ L"
04670332742914,"ЗИП-ХУДИ ""SWEETHEART ZIP HOODIE CROP"" СЕРЫЙ M"
04670332742907,"ЗИП-ХУДИ ""SWEETHEART ZIP HOODIE CROP"" СЕРЫЙ S"
04670332742938,"ЗИП-ХУДИ ""SWEETHEART ZIP HOODIE CROP"" СЕРЫЙ XL"
04670332742846,"ЗИП-ХУДИ ""SWEETHEART ZIP HOODIE"" СЕРЫЙ L"
04670332742839,"ЗИП-ХУДИ ""SWEETHEART ZIP HOODIE"" СЕРЫЙ M"
04670332742822,"ЗИП-ХУДИ ""SWEETHEART ZIP HOODIE"" СЕРЫЙ S"
04670332742853,"ЗИП-ХУДИ ""SWEETHEART ZIP HOODIE"" СЕРЫЙ XL"
04670332742709,"ЗИП-ХУДИ ""ZIP-HOODIE OVERSIZE BLACK"" ЧЁРНЫЙ L"
04670332742723,"ЗИП-ХУДИ ""ZIP-HOODIE OVERSIZE BLACK"" ЧЁРНЫЙ S"
04670332742730,"ЗИП-ХУДИ ""ZIP-HOODIE OVERSIZE BLACK"" ЧЁРНЫЙ XL"
04670332742549,"ЗИП-ХУДИ ""ZIP-HOODIE OVERSIZE GREY"" СЕРЫЙ L"
04670332742570,"ЗИП-ХУДИ ""ZIP-HOODIE OVERSIZE GREY"" СЕРЫЙ XL"
04670332742426,"ЗИП-ХУДИ ""ZIP-HOODIE OVERSIZE LIGHTGREY"" СВЕТЛО-СЕРЫЙ L"
04670332742440,"ЗИП-ХУДИ ""ZIP-HOODIE OVERSIZE LIGHTGREY"" СВЕТЛО-СЕРЫЙ S"
04670332742457,"ЗИП-ХУДИ ""ZIP-HOODIE OVERSIZE LIGHTGREY"" СВЕТЛО-СЕРЫЙ XL"
04670332742587,"ЗИП-ХУДИ ""ZIP-HOODIE OVERSIZE WHITE"" БЕЛЫЙ L"
04670332742600,"ЗИП-ХУДИ ""ZIP-HOODIE OVERSIZE WHITE"" БЕЛЫЙ S"
04670332742617,"ЗИП-ХУДИ ""ZIP-HOODIE OVERSIZE WHITE"" БЕЛЫЙ XL"
04670332747414,"КУРТКА ""CORSET BOMBER"" ЧЕРНЫЙ M"
04670332747421,"КУРТКА ""CORSET BOMBER"" ЧЕРНЫЙ S"
04670332747438,"КУРТКА ""CORSET BOMBER"" ЧЕРНЫЙ XS"
04670332747445,"КУРТКА ""CORSET BOMBER"" ЧЕРНЫЙ XXS"
04670332747254,"КУРТКА ""HOMME LEATHER JACKET BLACK"" ЧЕРНЫЙ L"
04670332747247,"КУРТКА ""HOMME LEATHER JACKET BLACK"" ЧЕРНЫЙ M"
04670332747186,"КУРТКА ""HOMME LEATHER JACKET BLACK"" ЧЕРНЫЙ S"
04670332747261,"КУРТКА ""HOMME LEATHER JACKET BLACK"" ЧЕРНЫЙ XL"
04670332747179,"КУРТКА ""HOMME LEATHER JACKET BLACK"" ЧЕРНЫЙ XS"
04670332747308,"КУРТКА ""HOMME LEATHER JACKET GREEN"" ЗЕЛЕНЫЙ L"
04670332747292,"КУРТКА ""HOMME LEATHER JACKET GREEN"" ЗЕЛЕНЫЙ M"
04670332747285,"КУРТКА ""HOMME LEATHER JACKET GREEN"" ЗЕЛЕНЫЙ S"
04670332747315,"КУРТКА ""HOMME LEATHER JACKET GREEN"" ЗЕЛЕНЫЙ XL"
04670332747278,"КУРТКА ""HOMME LEATHER JACKET GREEN"" ЗЕЛЕНЫЙ XS"
04670332747353,"КУРТКА ""HOMME LEATHER JACKET GREY"" СЕРЫЙ L"
04670332747346,"КУРТКА ""HOMME LEATHER JACKET GREY"" СЕРЫЙ M"
04670332747339,"КУРТКА ""HOMME LEATHER JACKET GREY"" СЕРЫЙ S"
04670332747360,"КУРТКА ""HOMME LEATHER JACKET GREY"" СЕРЫЙ XL"
04670332747322,"КУРТКА ""HOMME LEATHER JACKET GREY"" СЕРЫЙ XS"
04670332745922,"ПУХОВИК ""CAMO PUFFER BLACK"" ЧЕРНЫЙ L"
04670332745915,"ПУХОВИК ""CAMO PUFFER BLACK"" ЧЕРНЫЙ M"
04670332745908,"ПУХОВИК ""CAMO PUFFER BLACK"" ЧЕРНЫЙ S"
04670332745939,"ПУХОВИК ""CAMO PUFFER BLACK"" ЧЕРНЫЙ XL"
04670332745540,"ПУХОВИК ""CAMO PUFFER BLACK"" ЧЕРНЫЙ XS"
04670332745977,"ПУХОВИК ""CARBON PUFFER BLACK"" ЧЕРНЫЙ L"
04670332745960,"ПУХОВИК ""CARBON PUFFER BLACK"" ЧЕРНЫЙ M"
04670332745953,"ПУХОВИК ""CARBON PUFFER BLACK"" ЧЕРНЫЙ S"
04670332745984,"ПУХОВИК ""CARBON PUFFER BLACK"" ЧЕРНЫЙ XL"
04670332745946,"ПУХОВИК ""CARBON PUFFER BLACK"" ЧЕРНЫЙ XS"
04670332746837,"ПУХОВИК ""CRYSTAL PUFFER"" БЕЛЫЙ L"
04670332746820,"ПУХОВИК ""CRYSTAL PUFFER"" БЕЛЫЙ M"
04670332746813,"ПУХОВИК ""CRYSTAL PUFFER"" БЕЛЫЙ S"
04670332746844,"ПУХОВИК ""CRYSTAL PUFFER"" БЕЛЫЙ XL"
04670332746806,"ПУХОВИК ""CRYSTAL PUFFER"" БЕЛЫЙ XS"
04670332740255,"ПУХОВИК ""DIAMOND PUFFER BLACK"" ЧЁРНЫЙ L"
04670332740262,"ПУХОВИК ""DIAMOND PUFFER BLACK"" ЧЕРНЫЙ M"
04670332740279,"ПУХОВИК ""DIAMOND PUFFER BLACK"" ЧЕРНЫЙ S"
04670332740286,"ПУХОВИК ""DIAMOND PUFFER BLACK"" ЧЕРНЫЙ XL"
04670332745557,"ПУХОВИК ""DIAMOND PUFFER BLACK"" ЧЕРНЫЙ XS"
04670332740293,"ПУХОВИК ""DIAMOND PUFFER BLACK"" ЧЁРНЫЙ XXL"
04670332740026,"ПУХОВИК ""DIAMOND PUFFER GREY"" СЕРЫЙ L"
04670332740033,"ПУХОВИК ""DIAMOND PUFFER GREY"" СЕРЫЙ M"
04670332740040,"ПУХОВИК ""DIAMOND PUFFER GREY"" СЕРЫЙ S"
04670332740057,"ПУХОВИК ""DIAMOND PUFFER GREY"" СЕРЫЙ XL"
04670332745564,"ПУХОВИК ""DIAMOND PUFFER GREY"" СЕРЫЙ XS"
04670332740064,"ПУХОВИК ""DIAMOND PUFFER GREY"" СЕРЫЙ XXL"
04670332740354,"ПУХОВИК ""DIAMOND PUFFER PINK"" РОЗОВЫЙ L"
04670332740361,"ПУХОВИК ""DIAMOND PUFFER PINK"" РОЗОВЫЙ M"
04670332740378,"ПУХОВИК ""DIAMOND PUFFER PINK"" РОЗОВЫЙ S"
04670332740385,"ПУХОВИК ""DIAMOND PUFFER PINK"" РОЗОВЫЙ XL"
04670332745571,"ПУХОВИК ""DIAMOND PUFFER PINK"" РОЗОВЫЙ XS"
04670332740392,"ПУХОВИК ""DIAMOND PUFFER PINK"" РОЗОВЫЙ XXL"
04670332740095,"ПУХОВИК ""HMMLSS MONOGRAM DOWN JACKET BLACK"" ЧЁРНЫЙ S"
04670332740101,"ПУХОВИК ""HMMLSS MONOGRAM DOWN JACKET BLACK"" ЧЕРНЫЙ XL"
04670332740118,"ПУХОВИК ""HMMLSS MONOGRAM DOWN JACKET BLACK"" ЧЕРНЫЙ XXL"
04670332740088,"ПУХОВИК ""HMMLSS MONOGRAM DOWN JACKET BLACK""ЧЕРНЫЙ M"
04670332740163,"ПУХОВИК ""HMMLSS MONOGRAM DOWN JACKET GREY"" СЕРЫЙ L"
04670332740170,"ПУХОВИК ""HMMLSS MONOGRAM DOWN JACKET GREY"" Серый M"
04670332740187,"ПУХОВИК ""HMMLSS MONOGRAM DOWN JACKET GREY"" СЕРЫЙ S"
04670332740194,"ПУХОВИК ""HMMLSS MONOGRAM DOWN JACKET GREY"" СЕРЫЙ XL"
04670332740200,"ПУХОВИК ""HMMLSS MONOGRAM DOWN JACKET GREY"" СЕРЫЙ XXL"
04670332740309,"ПУХОВИК ""PUFFER BASE BLACK"" ЧЕРНЫЙ L"
04670332740316,"ПУХОВИК ""PUFFER BASE BLACK"" ЧЕРНЫЙ M"
04670332740323,"ПУХОВИК ""PUFFER BASE BLACK"" ЧЁРНЫЙ S"
04670332740330,"ПУХОВИК ""PUFFER BASE BLACK"" ЧЁРНЫЙ XL"
04670332745588,"ПУХОВИК ""PUFFER BASE BLACK"" ЧЕРНЫЙ XS"
04670332740347,"ПУХОВИК ""PUFFER BASE BLACK"" ЧЕРНЫЙ XXL"
04670332745632,"ПУХОВИК ""PUFFER BASE BLUE"" СИНИЙ L"
04670332745625,"ПУХОВИК ""PUFFER BASE BLUE"" СИНИЙ M"
04670332745618,"ПУХОВИК ""PUFFER BASE BLUE"" СИНИЙ S"
04670332745649,"ПУХОВИК ""PUFFER BASE BLUE"" СИНИЙ XL"
04670332745601,"ПУХОВИК ""PUFFER BASE BLUE"" СИНИЙ XS"
04670332745731,"ПУХОВИК ""PUFFER BASE GREY"" СЕРЫЙ L"
04670332745724,"ПУХОВИК ""PUFFER BASE GREY"" СЕРЫЙ M"
04670332745717,"ПУХОВИК ""PUFFER BASE GREY"" СЕРЫЙ S"
04670332745748,"ПУХОВИК ""PUFFER BASE GREY"" СЕРЫЙ XL"
04670332745700,"ПУХОВИК ""PUFFER BASE GREY"" СЕРЫЙ XS"
04670332740408,"ПУХОВИК ""PUFFER BASE METAL"" СЕРЫЙ L"
04670332740415,"ПУХОВИК ""PUFFER BASE METAL"" СЕРЫЙ M"
04670332740422,"ПУХОВИК ""PUFFER BASE METAL"" СЕРЫЙ S"
04670332740439,"ПУХОВИК ""PUFFER BASE METAL"" СЕРЫЙ XL"
04670332740446,"ПУХОВИК ""PUFFER BASE METAL"" СЕРЫЙ XXL"
04670332745687,"ПУХОВИК ""PUFFER BASE PINK"" РОЗОВЫЙ L"
04670332745670,"ПУХОВИК ""PUFFER BASE PINK"" РОЗОВЫЙ M"
04670332745663,"ПУХОВИК ""PUFFER BASE PINK"" РОЗОВЫЙ S"
04670332745694,"ПУХОВИК ""PUFFER BASE PINK"" РОЗОВЫЙ XL"
04670332745656,"ПУХОВИК ""PUFFER BASE PINK"" РОЗОВЫЙ XS"
04670332740453,"ПУХОВИК ""PUFFER BASE WHITE"" БЕЛЫЙ L"
04670332740460,"ПУХОВИК ""PUFFER BASE WHITE"" БЕЛЫЙ M"
04670332740477,"ПУХОВИК ""PUFFER BASE WHITE"" БЕЛЫЙ S"
04670332740484,"ПУХОВИК ""PUFFER BASE WHITE"" БЕЛЫЙ XL"
04670332745595,"ПУХОВИК ""PUFFER BASE WHITE"" БЕЛЫЙ XS"
04670332740491,"ПУХОВИК ""PUFFER BASE WHITE"" БЕЛЫЙ XXL"
04670332746257,"ПУХОВИК ""REVERSIBLE PUFFER BLUE"" СИНИЙ L"
04670332746240,"ПУХОВИК ""REVERSIBLE PUFFER BLUE"" СИНИЙ M"
04670332746233,"ПУХОВИК ""REVERSIBLE PUFFER BLUE"" СИНИЙ S"
04670332746264,"ПУХОВИК ""REVERSIBLE PUFFER BLUE"" СИНИЙ XL"
04670332746226,"ПУХОВИК ""REVERSIBLE PUFFER BLUE"" СИНИЙ XS"
04670332746301,"ПУХОВИК ""REVERSIBLE PUFFER GREEN"" ЗЕЛЕНЫЙ L"
04670332746295,"ПУХОВИК ""REVERSIBLE PUFFER GREEN"" ЗЕЛЕНЫЙ M"
04670332746288,"ПУХОВИК ""REVERSIBLE PUFFER GREEN"" ЗЕЛЕНЫЙ S"
04670332746318,"ПУХОВИК ""REVERSIBLE PUFFER GREEN"" ЗЕЛЕНЫЙ XL"
04670332746271,"ПУХОВИК ""REVERSIBLE PUFFER GREEN"" ЗЕЛЕНЫЙ XS"
04670332746202,"ПУХОВИК ""REVERSIBLE PUFFER PINK"" РОЗОВЫЙ L"
04670332746196,"ПУХОВИК ""REVERSIBLE PUFFER PINK"" РОЗОВЫЙ M"
04670332746189,"ПУХОВИК ""REVERSIBLE PUFFER PINK"" РОЗОВЫЙ S"
04670332746219,"ПУХОВИК ""REVERSIBLE PUFFER PINK"" РОЗОВЫЙ XL"
04670332746172,"ПУХОВИК ""REVERSIBLE PUFFER PINK"" РОЗОВЫЙ XS"
04670332746783,"ПУХОВИК ""REVERSIBLE PUFFER PURPLE"" ФИОЛЕТОВЫЙ L"
04670332746776,"ПУХОВИК ""REVERSIBLE PUFFER PURPLE"" ФИОЛЕТОВЫЙ M"
04670332746769,"ПУХОВИК ""REVERSIBLE PUFFER PURPLE"" ФИОЛЕТОВЫЙ S"
04670332746790,"ПУХОВИК ""REVERSIBLE PUFFER PURPLE"" ФИОЛЕТОВЫЙ XL"
04670332746752,"ПУХОВИК ""REVERSIBLE PUFFER PURPLE"" ФИОЛЕТОВЫЙ XS"
04670332746103,"ПУХОВИК ""REVERSIBLE PUFFER RED"" КРАСНЫЙ L"
04670332746097,"ПУХОВИК ""REVERSIBLE PUFFER RED"" КРАСНЫЙ M"
04670332746080,"ПУХОВИК ""REVERSIBLE PUFFER RED"" КРАСНЫЙ S"
04670332746110,"ПУХОВИК ""REVERSIBLE PUFFER RED"" КРАСНЫЙ XL"
04670332746073,"ПУХОВИК ""REVERSIBLE PUFFER RED"" КРАСНЫЙ XS"
04670332746158,"ПУХОВИК ""REVERSIBLE PUFFER WHITE"" БЕЛЫЙ L"
04670332746141,"ПУХОВИК ""REVERSIBLE PUFFER WHITE"" БЕЛЫЙ M"
04670332746134,"ПУХОВИК ""REVERSIBLE PUFFER WHITE"" БЕЛЫЙ S"
04670332746165,"ПУХОВИК ""REVERSIBLE PUFFER WHITE"" БЕЛЫЙ XL"
04670332746127,"ПУХОВИК ""REVERSIBLE PUFFER WHITE"" БЕЛЫЙ XS"
04670332747933,"РЕМЕНЬ ""BASE OG BELT"" ЧЕРНЫЙ 105-3.3"
04670332747759,"РЕМЕНЬ ""BLACK OG BELT"" ЧЕРНЫЙ 105-3.3"
04670332747766,"РЕМЕНЬ ""DIAMOND OG BELT"" ЧЕРНЫЙ 105-3.3"
04670332747773,"РЕМЕНЬ ""LEO OG BELT"" БЕЖЕВЫЙ 105-3.3"
04670332747780,"РЕМЕНЬ ""PINK OG BELT"" РОЗОВЫЙ 105-3.3"
04670332747797,"РЕМЕНЬ ""WHITE OG BELT"" БЕЛЫЙ 105-3.3"
04670332747735,"РУБАШКА ""DIAMOND SHIRT BLACK"" ЧЕРНАЯ L"
04670332747728,"РУБАШКА ""DIAMOND SHIRT BLACK"" ЧЕРНАЯ M"
04670332747711,"РУБАШКА ""DIAMOND SHIRT BLACK"" ЧЕРНАЯ S"
04670332747742,"РУБАШКА ""DIAMOND SHIRT BLACK"" ЧЕРНАЯ XL"
04670332747704,"РУБАШКА ""DIAMOND SHIRT BLACK"" ЧЕРНАЯ XS"
04670332742969,"СВИТЕР ""SUPER RICH SWEATER BEIGE"" БЕЖЕВЫЙ L"
04670332742952,"СВИТЕР ""SUPER RICH SWEATER BEIGE"" БЕЖЕВЫЙ M"
04670332742945,"СВИТЕР ""SUPER RICH SWEATER BEIGE"" БЕЖЕВЫЙ S"
04670332742976,"СВИТЕР ""SUPER RICH SWEATER BEIGE"" БЕЖЕВЫЙ XL"
04670332742341,"СВИТШОТ ""HMMLS SWEATHOODIE BLACK"" ЧЕРНЫЙ L"
04670332742396,"СВИТШОТ ""HMMLS SWEATHOODIE GREY"" СЕРЫЙ M"
04670332740705,"СВИТШОТ ""PEACE SWEATSHIRT GREY"" СЕРЫЙ L"
04670332740712,"СВИТШОТ ""PEACE SWEATSHIRT GREY"" СЕРЫЙ M"
04670332740729,"СВИТШОТ ""PEACE SWEATSHIRT GREY"" СЕРЫЙ S"
04670332740736,"СВИТШОТ ""PEACE SWEATSHIRT GREY"" СЕРЫЙ XL"
04670332740644,"СВИТШОТ ""PEACE SWEATSHIRT WHITE"" S"
04670332740620,"СВИТШОТ ""PEACE SWEATSHIRT WHITE"" БЕЛЫЙ L"
04670332740637,"СВИТШОТ ""PEACE SWEATSHIRT WHITE"" БЕЛЫЙ M"
04670332740651,"СВИТШОТ ""PEACE SWEATSHIRT WHITE"" БЕЛЫЙ XL"
04670332741443,"ТОЛСТОВКА ""FULL-ZIP HMLS V2 BLACK"" ЧЁРНЫЙ S"
04670332741702,"ТОЛСТОВКА ""SIGNATURE ZIP-HOODIE GREY"" СЕРЫЙ L"
04670332743683,"ФУТБОЛКА ""BALLON BLACK T-SHIRT"" ЧЁРНАЯ L"
04670332743676,"ФУТБОЛКА ""BALLON BLACK T-SHIRT"" ЧЁРНАЯ M"
04670332743669,"ФУТБОЛКА ""BALLON BLACK T-SHIRT"" ЧЁРНАЯ S"
04670332743690,"ФУТБОЛКА ""BALLON BLACK T-SHIRT"" ЧЁРНАЯ XL"
04670332743720,"ФУТБОЛКА ""BALLON WHITE T-SHIRT"" БЕЛАЯ L"
04670332743713,"ФУТБОЛКА ""BALLON WHITE T-SHIRT"" БЕЛАЯ M"
04670332743706,"ФУТБОЛКА ""BALLON WHITE T-SHIRT"" БЕЛАЯ S"
04670332743737,"ФУТБОЛКА ""BALLON WHITE T-SHIRT"" БЕЛАЯ XL"
04660732985530,"ФУТБОЛКА ""BASE LOGO T-SHIRT BLACK"" ЧЕРНАЯ L"
04660732985523,"ФУТБОЛКА ""BASE LOGO T-SHIRT BLACK"" ЧЕРНАЯ M"
04660732985516,"ФУТБОЛКА ""BASE LOGO T-SHIRT BLACK"" ЧЕРНАЯ S"
04660732985547,"ФУТБОЛКА ""BASE LOGO T-SHIRT BLACK"" ЧЕРНАЯ XL"
04660732985653,"ФУТБОЛКА ""BASE LOGO T-SHIRT BROWN"" КОРИЧНЕВАЯ L"
04660732985646,"ФУТБОЛКА ""BASE LOGO T-SHIRT BROWN"" КОРИЧНЕВАЯ M"
04660732985639,"ФУТБОЛКА ""BASE LOGO T-SHIRT BROWN"" КОРИЧНЕВАЯ S"
04660732985660,"ФУТБОЛКА ""BASE LOGO T-SHIRT BROWN"" КОРИЧНЕВАЯ XL"
04660732985615,"ФУТБОЛКА ""BASE LOGO T-SHIRT GREY"" СЕРАЯ L"
04660732985608,"ФУТБОЛКА ""BASE LOGO T-SHIRT GREY"" СЕРАЯ M"
04660732985592,"ФУТБОЛКА ""BASE LOGO T-SHIRT GREY"" СЕРАЯ S"
04660732985622,"ФУТБОЛКА ""BASE LOGO T-SHIRT GREY"" СЕРАЯ XL"
04660732985578,"ФУТБОЛКА ""BASE LOGO T-SHIRT WHITE"" БЕЛАЯ L"
04660732985561,"ФУТБОЛКА ""BASE LOGO T-SHIRT WHITE"" БЕЛАЯ M"
04660732985554,"ФУТБОЛКА ""BASE LOGO T-SHIRT WHITE"" БЕЛАЯ S"
04660732985585,"ФУТБОЛКА ""BASE LOGO T-SHIRT WHITE"" БЕЛАЯ XL"
04670332743843,"ФУТБОЛКА ""CEO BLACK T-SHIRT"" ЧЁРНАЯ L"
04670332743836,"ФУТБОЛКА ""CEO BLACK T-SHIRT"" ЧЁРНАЯ M"
04670332743829,"ФУТБОЛКА ""CEO BLACK T-SHIRT"" ЧЁРНАЯ S"
04670332743850,"ФУТБОЛКА ""CEO BLACK T-SHIRT"" ЧЁРНАЯ XL"
04670332743881,"ФУТБОЛКА ""CEO WHITE T-SHIRT"" БЕЛАЯ L"
04670332743874,"ФУТБОЛКА ""CEO WHITE T-SHIRT"" БЕЛАЯ M"
04670332743867,"ФУТБОЛКА ""CEO WHITE T-SHIRT"" БЕЛАЯ S"
04670332743898,"ФУТБОЛКА ""CEO WHITE T-SHIRT"" БЕЛАЯ XL"
04660732985974,"ФУТБОЛКА ""CHAIN LOGO T-SHIRT BLACK"" ЧЕРНАЯ L"
04660732985967,"ФУТБОЛКА ""CHAIN LOGO T-SHIRT BLACK"" ЧЕРНАЯ M"
04660732985950,"ФУТБОЛКА ""CHAIN LOGO T-SHIRT BLACK"" ЧЕРНАЯ S"
04660732985981,"ФУТБОЛКА ""CHAIN LOGO T-SHIRT BLACK"" ЧЕРНАЯ XL"
04660732985813,"ФУТБОЛКА ""CLOUD LOGO T-SHIRT BLACK"" ЧЕРНАЯ L"
04660732985806,"ФУТБОЛКА ""CLOUD LOGO T-SHIRT BLACK"" ЧЕРНАЯ M"
04660732985790,"ФУТБОЛКА ""CLOUD LOGO T-SHIRT BLACK"" ЧЕРНАЯ S"
04660732985820,"ФУТБОЛКА ""CLOUD LOGO T-SHIRT BLACK"" ЧЕРНАЯ XL"
04660732985776,"ФУТБОЛКА ""CLOUD LOGO T-SHIRT WHITE"" БЕЛАЯ L"
04660732985769,"ФУТБОЛКА ""CLOUD LOGO T-SHIRT WHITE"" БЕЛАЯ M"
04660732985752,"ФУТБОЛКА ""CLOUD LOGO T-SHIRT WHITE"" БЕЛАЯ S"
04660732985783,"ФУТБОЛКА ""CLOUD LOGO T-SHIRT WHITE"" БЕЛАЯ XL"
04670332743768,"ФУТБОЛКА ""DREAMS BLACK T-SHIRT"" ЧЁРНАЯ L"
04670332743751,"ФУТБОЛКА ""DREAMS BLACK T-SHIRT"" ЧЁРНАЯ M"
04670332743744,"ФУТБОЛКА ""DREAMS BLACK T-SHIRT"" ЧЁРНАЯ S"
04670332743775,"ФУТБОЛКА ""DREAMS BLACK T-SHIRT"" ЧЁРНАЯ XL"
04670332743805,"ФУТБОЛКА ""DREAMS GREY T-SHIRT"" СЕРАЯ L"
04670332743799,"ФУТБОЛКА ""DREAMS GREY T-SHIRT"" СЕРАЯ M"
04670332743782,"ФУТБОЛКА ""DREAMS GREY T-SHIRT"" СЕРАЯ S"
04670332743812,"ФУТБОЛКА ""DREAMS GREY T-SHIRT"" СЕРАЯ XL"
04670332745120,"ФУТБОЛКА ""EMBLEM T-SHIRT BLACK "" ЧЕРНАЯ L"
04670332745113,"ФУТБОЛКА ""EMBLEM T-SHIRT BLACK "" ЧЕРНАЯ M"
04670332745106,"ФУТБОЛКА ""EMBLEM T-SHIRT BLACK "" ЧЕРНАЯ S"
04670332745137,"ФУТБОЛКА ""EMBLEM T-SHIRT BLACK "" ЧЕРНАЯ XL"
04670332745083,"ФУТБОЛКА ""EMBLEM T-SHIRT ECRU "" БЕЛАЯ L"
04670332745076,"ФУТБОЛКА ""EMBLEM T-SHIRT ECRU "" БЕЛАЯ M"
04670332745069,"ФУТБОЛКА ""EMBLEM T-SHIRT ECRU "" БЕЛАЯ S"
04670332745090,"ФУТБОЛКА ""EMBLEM T-SHIRT ECRU "" БЕЛАЯ XL"
04660732985738,"ФУТБОЛКА ""FLEUR LOGO T-SHIRT BLACK"" ЧЕРНАЯ L"
04660732985721,"ФУТБОЛКА ""FLEUR LOGO T-SHIRT BLACK"" ЧЕРНАЯ M"
04660732985714,"ФУТБОЛКА ""FLEUR LOGO T-SHIRT BLACK"" ЧЕРНАЯ S"
04660732985745,"ФУТБОЛКА ""FLEUR LOGO T-SHIRT BLACK"" ЧЕРНАЯ XL"
04660732985691,"ФУТБОЛКА ""FLEUR LOGO T-SHIRT WHITE"" БЕЛАЯ L"
04660732985684,"ФУТБОЛКА ""FLEUR LOGO T-SHIRT WHITE"" БЕЛАЯ M"
04660732985677,"ФУТБОЛКА ""FLEUR LOGO T-SHIRT WHITE"" БЕЛАЯ S"
04660732985707,"ФУТБОЛКА ""FLEUR LOGO T-SHIRT WHITE"" БЕЛАЯ XL"
04670332744925,"ФУТБОЛКА ""HEART T-SHIRT BLACK "" ЧЕРНАЯ L"
04670332744918,"ФУТБОЛКА ""HEART T-SHIRT BLACK "" ЧЕРНАЯ M"
04670332744901,"ФУТБОЛКА ""HEART T-SHIRT BLACK "" ЧЕРНАЯ S"
04670332744932,"ФУТБОЛКА ""HEART T-SHIRT BLACK "" ЧЕРНАЯ XL"
04670332744888,"ФУТБОЛКА ""HEART T-SHIRT ECRU "" БЕЛАЯ L"
04670332744871,"ФУТБОЛКА ""HEART T-SHIRT ECRU "" БЕЛАЯ M"
04670332744864,"ФУТБОЛКА ""HEART T-SHIRT ECRU "" БЕЛАЯ S"
04670332744895,"ФУТБОЛКА ""HEART T-SHIRT ECRU "" БЕЛАЯ XL"
04670332745045,"ФУТБОЛКА ""HMMLS T-SHIRT BLACK "" ЧЕРНАЯ L"
04670332745038,"ФУТБОЛКА ""HMMLS T-SHIRT BLACK "" ЧЕРНАЯ M"
04670332745021,"ФУТБОЛКА ""HMMLS T-SHIRT BLACK "" ЧЕРНАЯ S"
04670332745052,"ФУТБОЛКА ""HMMLS T-SHIRT BLACK "" ЧЕРНАЯ XL"
04670332743928,"ФУТБОЛКА ""HOMME APPAREL BLACK T-SHIRT"" ЧЁРНАЯ L"
04670332743911,"ФУТБОЛКА ""HOMME APPAREL BLACK T-SHIRT"" ЧЁРНАЯ M"
04670332743904,"ФУТБОЛКА ""HOMME APPAREL BLACK T-SHIRT"" ЧЁРНАЯ S"
04670332743935,"ФУТБОЛКА ""HOMME APPAREL BLACK T-SHIRT"" ЧЁРНАЯ XL"
04670332743966,"ФУТБОЛКА ""HOMME APPAREL WHITE T-SHIRT"" БЕЛАЯ L"
04670332743959,"ФУТБОЛКА ""HOMME APPAREL WHITE T-SHIRT"" БЕЛАЯ M"
04670332743942,"ФУТБОЛКА ""HOMME APPAREL WHITE T-SHIRT"" БЕЛАЯ S"
04670332743973,"ФУТБОЛКА ""HOMME APPAREL WHITE T-SHIRT"" БЕЛАЯ XL"
04670332743638,"ФУТБОЛКА ""HOMME TEE BLACK"" ЧЁРНАЯ L"
04670332743621,"ФУТБОЛКА ""HOMME TEE BLACK"" ЧЁРНАЯ M"
04670332743614,"ФУТБОЛКА ""HOMME TEE BLACK"" ЧЁРНАЯ S"
04670332743645,"ФУТБОЛКА ""HOMME TEE BLACK"" ЧЁРНАЯ XL"
04670332743652,"ФУТБОЛКА ""HOMME TEE BLACK"" ЧЁРНАЯ XXL"
04670332743584,"ФУТБОЛКА ""HOMME TEE ECRU"" БЕЛАЯ L"
04670332743577,"ФУТБОЛКА ""HOMME TEE ECRU"" БЕЛАЯ M"
04670332743560,"ФУТБОЛКА ""HOMME TEE ECRU"" БЕЛАЯ S"
04670332743591,"ФУТБОЛКА ""HOMME TEE ECRU"" БЕЛАЯ XL"
04670332743607,"ФУТБОЛКА ""HOMME TEE ECRU"" БЕЛАЯ XXL"
04670332744529,"ФУТБОЛКА ""HOMMELESS T-SHIRT BLACK "" ЧЕРНАЯ L"
04670332744512,"ФУТБОЛКА ""HOMMELESS T-SHIRT BLACK "" ЧЕРНАЯ M"
04670332744505,"ФУТБОЛКА ""HOMMELESS T-SHIRT BLACK "" ЧЕРНАЯ S"
04670332744536,"ФУТБОЛКА ""HOMMELESS T-SHIRT BLACK "" ЧЕРНАЯ XL"
04670332744482,"ФУТБОЛКА ""HOMMELESS T-SHIRT ECRU "" БЕЛАЯ L"
04670332744475,"ФУТБОЛКА ""HOMMELESS T-SHIRT ECRU "" БЕЛАЯ M"
04670332744468,"ФУТБОЛКА ""HOMMELESS T-SHIRT ECRU "" БЕЛАЯ S"
04670332744499,"ФУТБОЛКА ""HOMMELESS T-SHIRT ECRU "" БЕЛАЯ XL"
04670332744567,"ФУТБОЛКА ""HOMMELESS T-SHIRT GREY "" СЕРАЯ L"
04670332744550,"ФУТБОЛКА ""HOMMELESS T-SHIRT GREY "" СЕРАЯ M"
04670332744543,"ФУТБОЛКА ""HOMMELESS T-SHIRT GREY "" СЕРАЯ S"
04670332744574,"ФУТБОЛКА ""HOMMELESS T-SHIRT GREY "" СЕРАЯ XL"
04660732985936,"ФУТБОЛКА ""HONEY LOGO T-SHIRT BLACK"" ЧЕРНАЯ L"
04660732985929,"ФУТБОЛКА ""HONEY LOGO T-SHIRT BLACK"" ЧЕРНАЯ M"
04660732985912,"ФУТБОЛКА ""HONEY LOGO T-SHIRT BLACK"" ЧЕРНАЯ S"
04670332745007,"ФУТБОЛКА ""HUMBLE T-SHIRT BLACK "" ЧЕРНАЯ L"
04670332744994,"ФУТБОЛКА ""HUMBLE T-SHIRT BLACK "" ЧЕРНАЯ M"
04670332744987,"ФУТБОЛКА ""HUMBLE T-SHIRT BLACK "" ЧЕРНАЯ S"
04670332745014,"ФУТБОЛКА ""HUMBLE T-SHIRT BLACK "" ЧЕРНАЯ XL"
04670332744963,"ФУТБОЛКА ""MILLION T-SHIRT BLACK "" ЧЕРНАЯ L"
04670332744956,"ФУТБОЛКА ""MILLION T-SHIRT BLACK "" ЧЕРНАЯ M"
04670332744949,"ФУТБОЛКА ""MILLION T-SHIRT BLACK "" ЧЕРНАЯ S"
04670332744970,"ФУТБОЛКА ""MILLION T-SHIRT BLACK "" ЧЕРНАЯ XL"
04670332744406,"ФУТБОЛКА ""NETWORK T-SHIRT BLACK "" ЧЕРНАЯ L"
04670332744390,"ФУТБОЛКА ""NETWORK T-SHIRT BLACK "" ЧЕРНАЯ M"
04670332744383,"ФУТБОЛКА ""NETWORK T-SHIRT BLACK "" ЧЕРНАЯ S"
04670332744413,"ФУТБОЛКА ""NETWORK T-SHIRT BLACK "" ЧЕРНАЯ XL"
04670332744369,"ФУТБОЛКА ""NETWORK T-SHIRT ECRU "" БЕЛАЯ L"
04670332744352,"ФУТБОЛКА ""NETWORK T-SHIRT ECRU "" БЕЛАЯ M"
04670332744222,"ФУТБОЛКА ""NETWORK T-SHIRT ECRU "" БЕЛАЯ S"
04670332744376,"ФУТБОЛКА ""NETWORK T-SHIRT ECRU "" БЕЛАЯ XL"
04670332744444,"ФУТБОЛКА ""NETWORK T-SHIRT GREY "" СЕРАЯ L"
04670332744437,"ФУТБОЛКА ""NETWORK T-SHIRT GREY "" СЕРАЯ M"
04670332744420,"ФУТБОЛКА ""NETWORK T-SHIRT GREY "" СЕРАЯ S"
04670332744451,"ФУТБОЛКА ""NETWORK T-SHIRT GREY "" СЕРАЯ XL"
04670332746011,"ФУТБОЛКА ""NOT PARIS T-SHIRT BLACK"" ЧЕРНАЯ L"
04670332746004,"ФУТБОЛКА ""NOT PARIS T-SHIRT BLACK"" ЧЕРНАЯ M"
04670332745991,"ФУТБОЛКА ""NOT PARIS T-SHIRT BLACK"" ЧЕРНАЯ S"
04670332746028,"ФУТБОЛКА ""NOT PARIS T-SHIRT BLACK"" ЧЕРНАЯ XL"
04670332746059,"ФУТБОЛКА ""NOT PARIS T-SHIRT WHITE"" БЕЛАЯ L"
04670332746042,"ФУТБОЛКА ""NOT PARIS T-SHIRT WHITE"" БЕЛАЯ M"
04670332746035,"ФУТБОЛКА ""NOT PARIS T-SHIRT WHITE"" БЕЛАЯ S"
04670332746066,"ФУТБОЛКА ""NOT PARIS T-SHIRT WHITE"" БЕЛАЯ XL"
04670332744765,"ФУТБОЛКА ""PARAMOUNT T-SHIRT BLACK "" ЧЕРНАЯ L"
04670332744758,"ФУТБОЛКА ""PARAMOUNT T-SHIRT BLACK "" ЧЕРНАЯ M"
04670332744741,"ФУТБОЛКА ""PARAMOUNT T-SHIRT BLACK "" ЧЕРНАЯ S"
04670332744772,"ФУТБОЛКА ""PARAMOUNT T-SHIRT BLACK "" ЧЕРНАЯ XL"
04670332744727,"ФУТБОЛКА ""PARAMOUNT T-SHIRT ECRU "" БЕЛАЯ L"
04670332744710,"ФУТБОЛКА ""PARAMOUNT T-SHIRT ECRU "" БЕЛАЯ M"
04670332744703,"ФУТБОЛКА ""PARAMOUNT T-SHIRT ECRU "" БЕЛАЯ S"
04670332744734,"ФУТБОЛКА ""PARAMOUNT T-SHIRT ECRU "" БЕЛАЯ XL"
04670332744000,"ФУТБОЛКА ""PLANET T-SHIRT"" ЧЁРНАЯ L"
04670332743997,"ФУТБОЛКА ""PLANET T-SHIRT"" ЧЁРНАЯ M"
04670332743980,"ФУТБОЛКА ""PLANET T-SHIRT"" ЧЁРНАЯ S"
04670332744017,"ФУТБОЛКА ""PLANET T-SHIRT"" ЧЁРНАЯ XL"
04670332744048,"ФУТБОЛКА ""RACER T-SHIRT"" ЧЁРНАЯ L"
04670332744031,"ФУТБОЛКА ""RACER T-SHIRT"" ЧЁРНАЯ M"
04670332744024,"ФУТБОЛКА ""RACER T-SHIRT"" ЧЁРНАЯ S"
04670332744055,"ФУТБОЛКА ""RACER T-SHIRT"" ЧЁРНАЯ XL"
04670332744642,"ФУТБОЛКА ""STAMP T-SHIRT BLACK "" ЧЕРНАЯ L"
04670332744635,"ФУТБОЛКА ""STAMP T-SHIRT BLACK "" ЧЕРНАЯ M"
04670332744628,"ФУТБОЛКА ""STAMP T-SHIRT BLACK "" ЧЕРНАЯ S"
04670332744659,"ФУТБОЛКА ""STAMP T-SHIRT BLACK "" ЧЕРНАЯ XL"
04670332744604,"ФУТБОЛКА ""STAMP T-SHIRT ECRU "" БЕЛАЯ L"
04670332744598,"ФУТБОЛКА ""STAMP T-SHIRT ECRU "" БЕЛАЯ M"
04670332744581,"ФУТБОЛКА ""STAMP T-SHIRT ECRU "" БЕЛАЯ S"
04670332744611,"ФУТБОЛКА ""STAMP T-SHIRT ECRU "" БЕЛАЯ XL"
04670332744680,"ФУТБОЛКА ""STAMP T-SHIRT GREY "" СЕРАЯ L"
04670332744673,"ФУТБОЛКА ""STAMP T-SHIRT GREY "" СЕРАЯ M"
04670332744666,"ФУТБОЛКА ""STAMP T-SHIRT GREY "" СЕРАЯ S"
04670332744697,"ФУТБОЛКА ""STAMP T-SHIRT GREY "" СЕРАЯ XL"
04660732985899,"ФУТБОЛКА ""STATUE LOGO T-SHIRT BLACK"" ЧЕРНАЯ L"
04660732985882,"ФУТБОЛКА ""STATUE LOGO T-SHIRT BLACK"" ЧЕРНАЯ M"
04660732985875,"ФУТБОЛКА ""STATUE LOGO T-SHIRT BLACK"" ЧЕРНАЯ S"
04660732985905,"ФУТБОЛКА ""STATUE LOGO T-SHIRT BLACK"" ЧЕРНАЯ XL"
04660732985851,"ФУТБОЛКА ""STATUE LOGO T-SHIRT WHITE"" БЕЛАЯ L"
04660732985844,"ФУТБОЛКА ""STATUE LOGO T-SHIRT WHITE"" БЕЛАЯ M"
04660732985837,"ФУТБОЛКА ""STATUE LOGO T-SHIRT WHITE"" БЕЛАЯ S"
04660732985868,"ФУТБОЛКА ""STATUE LOGO T-SHIRT WHITE"" БЕЛАЯ XL"
04670332744840,"ФУТБОЛКА ""STICKERS T-SHIRT BLACK "" ЧЕРНАЯ L"
04670332744833,"ФУТБОЛКА ""STICKERS T-SHIRT BLACK "" ЧЕРНАЯ M"
04670332744826,"ФУТБОЛКА ""STICKERS T-SHIRT BLACK "" ЧЕРНАЯ S"
04670332744857,"ФУТБОЛКА ""STICKERS T-SHIRT BLACK "" ЧЕРНАЯ XL"
04670332744802,"ФУТБОЛКА ""STICKERS T-SHIRT ECRU "" БЕЛАЯ L"
04670332744796,"ФУТБОЛКА ""STICKERS T-SHIRT ECRU "" БЕЛАЯ M"
04670332744789,"ФУТБОЛКА ""STICKERS T-SHIRT ECRU "" БЕЛАЯ S"
04670332744819,"ФУТБОЛКА ""STICKERS T-SHIRT ECRU "" БЕЛАЯ XL"
04670332746417,"ХУДИ ""CULTURE HOODIE BLACK"" ЧЕРНЫЙ L"
04670332746400,"ХУДИ ""CULTURE HOODIE BLACK"" ЧЕРНЫЙ M"
04670332746394,"ХУДИ ""CULTURE HOODIE BLACK"" ЧЕРНЫЙ S"
04670332746424,"ХУДИ ""CULTURE HOODIE BLACK"" ЧЕРНЫЙ XL"
04670332747025,"ХУДИ ""CULTURE HOODIE BLACK"" ЧЕРНЫЙ XS"
04670332746455,"ХУДИ ""CULTURE HOODIE BLUE"" СИНИЙ L"
04670332746448,"ХУДИ ""CULTURE HOODIE BLUE"" СИНИЙ M"
04670332746431,"ХУДИ ""CULTURE HOODIE BLUE"" СИНИЙ S"
04670332746462,"ХУДИ ""CULTURE HOODIE BLUE"" СИНИЙ XL"
04670332747032,"ХУДИ ""CULTURE HOODIE BLUE"" СИНИЙ XS"
04670332746493,"ХУДИ ""CULTURE HOODIE GREY"" СЕРЫЙ L"
04670332746486,"ХУДИ ""CULTURE HOODIE GREY"" СЕРЫЙ M"
04670332746479,"ХУДИ ""CULTURE HOODIE GREY"" СЕРЫЙ S"
04670332746509,"ХУДИ ""CULTURE HOODIE GREY"" СЕРЫЙ XL"
04670332747049,"ХУДИ ""CULTURE HOODIE GREY"" СЕРЫЙ XS"
04670332746530,"ХУДИ ""CULTURE HOODIE MELANGE"" СЕРЫЙ L"
04670332746523,"ХУДИ ""CULTURE HOODIE MELANGE"" СЕРЫЙ M"
04670332746516,"ХУДИ ""CULTURE HOODIE MELANGE"" СЕРЫЙ S"
04670332746547,"ХУДИ ""CULTURE HOODIE MELANGE"" СЕРЫЙ XL"
04670332747056,"ХУДИ ""CULTURE HOODIE MELANGE"" СЕРЫЙ XS"
04670332741542,"ХУДИ ""DIAMOND HOODIE BLACK"" ЧЕРНЫЙ L"
04670332744253,"ХУДИ ""DIAMOND HOODIE BLACK"" ЧЕРНЫЙ L"
04670332743454,"ХУДИ ""DIAMOND HOODIE BLACK"" ЧЁРНЫЙ L"
04670332741559,"ХУДИ ""DIAMOND HOODIE BLACK"" ЧЕРНЫЙ M"
04670332744246,"ХУДИ ""DIAMOND HOODIE BLACK"" ЧЕРНЫЙ M"
04670332743447,"ХУДИ ""DIAMOND HOODIE BLACK"" ЧЁРНЫЙ M"
04670332741566,"ХУДИ ""DIAMOND HOODIE BLACK"" ЧЕРНЫЙ S"
04670332744239,"ХУДИ ""DIAMOND HOODIE BLACK"" ЧЕРНЫЙ S"
04670332743430,"ХУДИ ""DIAMOND HOODIE BLACK"" ЧЁРНЫЙ S"
04670332741573,"ХУДИ ""DIAMOND HOODIE BLACK"" ЧЕРНЫЙ XL"
04670332744260,"ХУДИ ""DIAMOND HOODIE BLACK"" ЧЕРНЫЙ XL"
04670332743478,"ХУДИ ""DIAMOND HOODIE BLACK"" ЧЁРНЫЙ XL"
04670332746851,"ХУДИ ""DIAMOND HOODIE BLACK"" ЧЕРНЫЙ XS"
04670332741665,"ХУДИ ""DIAMOND HOODIE GREY"" СЕРЫЙ L"
04670332741672,"ХУДИ ""DIAMOND HOODIE GREY"" СЕРЫЙ M"
04670332741689,"ХУДИ ""DIAMOND HOODIE GREY"" СЕРЫЙ S"
04670332741696,"ХУДИ ""DIAMOND HOODIE GREY"" СЕРЫЙ XL"
04670332746905,"ХУДИ ""DIAMOND HOODIE MELANGE"" СЕРЫЙ L"
04670332746899,"ХУДИ ""DIAMOND HOODIE MELANGE"" СЕРЫЙ M"
04670332746882,"ХУДИ ""DIAMOND HOODIE MELANGE"" СЕРЫЙ S"
04670332746912,"ХУДИ ""DIAMOND HOODIE MELANGE"" СЕРЫЙ XL"
04670332746875,"ХУДИ ""DIAMOND HOODIE MELANGE"" СЕРЫЙ XS"
04670332746950,"ХУДИ ""DIAMOND HOODIE PINK"" РОЗОВЫЙ L"
04670332746943,"ХУДИ ""DIAMOND HOODIE PINK"" РОЗОВЫЙ M"
04670332746936,"ХУДИ ""DIAMOND HOODIE PINK"" РОЗОВЫЙ S"
04670332746967,"ХУДИ ""DIAMOND HOODIE PINK"" РОЗОВЫЙ XL"
04670332746929,"ХУДИ ""DIAMOND HOODIE PINK"" РОЗОВЫЙ XS"
04670332747834,"ХУДИ ""DIAMOND V2 ZIP HOODIE BLACK"" ЧЕРНЫЙ L"
04670332747827,"ХУДИ ""DIAMOND V2 ZIP HOODIE BLACK"" ЧЕРНЫЙ M"
04670332747810,"ХУДИ ""DIAMOND V2 ZIP HOODIE BLACK"" ЧЕРНЫЙ S"
04670332747841,"ХУДИ ""DIAMOND V2 ZIP HOODIE BLACK"" ЧЕРНЫЙ XL"
04670332747803,"ХУДИ ""DIAMOND V2 ZIP HOODIE BLACK"" ЧЕРНЫЙ XS"
04670332747889,"ХУДИ ""DIAMOND V2 ZIP HOODIE DARK BLUE"" СИНИЙ L"
04670332747872,"ХУДИ ""DIAMOND V2 ZIP HOODIE DARK BLUE"" СИНИЙ M"
04670332747865,"ХУДИ ""DIAMOND V2 ZIP HOODIE DARK BLUE"" СИНИЙ S"
04670332747896,"ХУДИ ""DIAMOND V2 ZIP HOODIE DARK BLUE"" СИНИЙ XL"
04670332747858,"ХУДИ ""DIAMOND V2 ZIP HOODIE DARK BLUE"" СИНИЙ XS"
04670332747926,"ХУДИ ""DIAMOND V2 ZIP HOODIE PINK"" РОЗОВЫЙ M"
04670332747919,"ХУДИ ""DIAMOND V2 ZIP HOODIE PINK"" РОЗОВЫЙ S"
04670332747902,"ХУДИ ""DIAMOND V2 ZIP HOODIE PINK"" РОЗОВЫЙ XS"
04670332741429,"ХУДИ ""FULL-ZIP HMLS V2 BLACK"" ЧЕРНЫЙ L"
04670332741436,"ХУДИ ""FULL-ZIP HMLS V2 BLACK"" ЧЕРНЫЙ M"
04670332741450,"ХУДИ ""FULL-ZIP HMLS V2 BLACK"" ЧЕРНЫЙ XL"
04670332741306,"ХУДИ ""FULL-ZIP HMLS V2 GREY"" СЕРЫЙ L"
04670332741313,"ХУДИ ""FULL-ZIP HMLS V2 GREY"" СЕРЫЙ M"
04670332742020,"ХУДИ ""Full-Zip Hoodie Blank"" ЧЕРНЫЙ L"
04670332742044,"ХУДИ ""Full-Zip Hoodie Blank"" ЧЕРНЫЙ S"
04670332742181,"ХУДИ ""HALF-ZIP HOMME GREY"" СЕРЫЙ L"
04670332742198,"ХУДИ ""HALF-ZIP HOMME GREY"" СЕРЫЙ M"
04670332742204,"ХУДИ ""HALF-ZIP HOMME GREY"" СЕРЫЙ S"
04670332742211,"ХУДИ ""HALF-ZIP HOMME GREY"" СЕРЫЙ XL"
04670332745441,"ХУДИ ""HM HOODIE BLACK"" ЧЕРНЫЙ L"
04670332745434,"ХУДИ ""HM HOODIE BLACK"" ЧЕРНЫЙ M"
04670332745427,"ХУДИ ""HM HOODIE BLACK"" ЧЕРНЫЙ S"
04670332745458,"ХУДИ ""HM HOODIE BLACK"" ЧЕРНЫЙ XL"
04670332745526,"ХУДИ ""HM HOODIE BLUE"" СИНИЙ L"
04670332745519,"ХУДИ ""HM HOODIE BLUE"" СИНИЙ M"
04670332745502,"ХУДИ ""HM HOODIE BLUE"" СИНИЙ S"
04670332745533,"ХУДИ ""HM HOODIE BLUE"" СИНИЙ XL"
04670332745489,"ХУДИ ""HM HOODIE MELANGE"" СЕРЫЙ L"
04670332745472,"ХУДИ ""HM HOODIE MELANGE"" СЕРЫЙ M"
04670332745465,"ХУДИ ""HM HOODIE MELANGE"" СЕРЫЙ S"
04670332745496,"ХУДИ ""HM HOODIE MELANGE"" СЕРЫЙ XL"
04670332742358,"ХУДИ ""HMMLS SWEATHOODIE BLACK"" ЧЕРНЫЙ M"
04670332742365,"ХУДИ ""HMMLS SWEATHOODIE BLACK"" ЧЕРНЫЙ S"
04670332742372,"ХУДИ ""HMMLS SWEATHOODIE BLACK"" ЧЕРНЫЙ XL"
04670332742389,"ХУДИ ""HMMLS SWEATHOODIE GREY"" СЕРЫЙ L"
04670332742402,"ХУДИ ""HMMLS SWEATHOODIE GREY"" СЕРЫЙ S"
04670332742419,"ХУДИ ""HMMLS SWEATHOODIE GREY"" СЕРЫЙ XL"
04670332741504,"ХУДИ ""HMMLS ZIPPERS HOODIE BLACK"" ЧЕРНЫЙ L"
04670332741511,"ХУДИ ""HMMLS ZIPPERS HOODIE BLACK"" ЧЁРНЫЙ M"
04670332741528,"ХУДИ ""HMMLS ZIPPERS HOODIE BLACK"" ЧЕРНЫЙ S"
04670332741535,"ХУДИ ""HMMLS ZIPPERS HOODIE BLACK"" ЧЁРНЫЙ XL"
04670332741627,"ХУДИ ""HMMLS ZIPPERS HOODIE WHITE"" БЕЛЫЙ L"
04670332741634,"ХУДИ ""HMMLS ZIPPERS HOODIE WHITE"" БЕЛЫЙ M"
04670332741641,"ХУДИ ""HMMLS ZIPPERS HOODIE WHITE"" БЕЛЫЙ S"
04670332741658,"ХУДИ ""HMMLS ZIPPERS HOODIE WHITE"" БЕЛЫЙ XL"
04670332741399,"ХУДИ ""HODDIE MMNF DOLLAR GREEN"" ЗЕЛЕНЫЙ M"
04670332741405,"ХУДИ ""HODDIE MMNF DOLLAR GREEN"" ЗЕЛЕНЫЙ S"
04670332741412,"ХУДИ ""HODDIE MMNF DOLLAR GREEN"" ЗЕЛЕНЫЙ XL"
04670332742228,"ХУДИ ""HODDIE MMNF GREY STONE"" СЕРЫЙ L"
04670332742235,"ХУДИ ""HODDIE MMNF GREY STONE"" СЕРЫЙ M"
04670332742242,"ХУДИ ""HODDIE MMNF GREY STONE"" СЕРЫЙ S"
04670332742259,"ХУДИ ""HODDIE MMNF GREY STONE"" СЕРЫЙ XL"
04670332742143,"ХУДИ ""HODDIE MMNF MELANGE"" СЕРЫЙ L"
04670332742167,"ХУДИ ""HODDIE MMNF MELANGE"" СЕРЫЙ S"
04670332741740,"ХУДИ ""HOODIE MMNF BLACK"" ЧЕРНЫЙ L"
04670332741757,"ХУДИ ""HOODIE MMNF BLACK"" ЧЁРНЫЙ M"
04670332741764,"ХУДИ ""HOODIE MMNF BLACK"" ЧЕРНЫЙ S"
04670332741771,"ХУДИ ""HOODIE MMNF BLACK"" ЧЕРНЫЙ XL"
04670332741382,"ХУДИ ""HOODIE MMNF DOLLAR GREEN"" ЗЕЛЁНЫЙ L"
04670332742174,"ХУДИ ""HOODIE MMNF MELANGE"" МЕЛАНЖ XL"
04670332742150,"ХУДИ ""HOODIE MMNF MELANGE"" СЕРЫЙ M"
04670332742662,"ХУДИ ""HOODIE OVERSIZE BLACK"" ЧЁРНЫЙ L"
04670332742679,"ХУДИ ""HOODIE OVERSIZE BLACK"" ЧЕРНЫЙ M"
04670332742686,"ХУДИ ""HOODIE OVERSIZE BLACK"" ЧЕРНЫЙ S"
04670332742693,"ХУДИ ""HOODIE OVERSIZE BLACK"" ЧЕРНЫЙ XL"
04670332742464,"ХУДИ ""HOODIE OVERSIZE BLUE"" СИНИЙ L"
04670332742471,"ХУДИ ""HOODIE OVERSIZE BLUE"" СИНИЙ M"
04670332742488,"ХУДИ ""HOODIE OVERSIZE BLUE"" СИНИЙ S"
04670332742495,"ХУДИ ""HOODIE OVERSIZE BLUE"" СИНИЙ XL"
04670332742648,"ХУДИ ""HOODIE OVERSIZE GREY"" S"
04670332742624,"ХУДИ ""HOODIE OVERSIZE GREY"" СЕРЫЙ L"
04670332742631,"ХУДИ ""HOODIE OVERSIZE GREY"" СЕРЫЙ M"
04670332742655,"ХУДИ ""HOODIE OVERSIZE GREY"" СЕРЫЙ XL"
04670332742501,"ХУДИ ""HOODIE OVERSIZE WHITE"" БЕЛЫЙ L"
04670332742518,"ХУДИ ""HOODIE OVERSIZE WHITE"" БЕЛЫЙ M"
04670332742532,"ХУДИ ""HOODIE OVERSIZE WHITE"" БЕЛЫЙ XL"
04670332742525,"ХУДИ ""HOODIE OVERSIZE WHITE"" БЕЛЫЙ РАЗМЕР S"
04670332746738,"ХУДИ ""NOT PARIS ZIP HOODIE BLACK"" ЧЕРНЫЙ L"
04670332746721,"ХУДИ ""NOT PARIS ZIP HOODIE BLACK"" ЧЕРНЫЙ M"
04670332746714,"ХУДИ ""NOT PARIS ZIP HOODIE BLACK"" ЧЕРНЫЙ S"
04670332746745,"ХУДИ ""NOT PARIS ZIP HOODIE BLACK"" ЧЕРНЫЙ XL"
04670332747100,"ХУДИ ""NOT PARIS ZIP HOODIE BLACK"" ЧЕРНЫЙ XS"
04670332741580,"ХУДИ ""RICH CORP. HOODIE GREY"" СЕРЫЙ L"
04670332741597,"ХУДИ ""RICH CORP. HOODIE GREY"" СЕРЫЙ M"
04670332741603,"ХУДИ ""RICH CORP. HOODIE GREY"" СЕРЫЙ S"
04670332741610,"ХУДИ ""RICH CORP. HOODIE GREY"" СЕРЫЙ XL"
04670332741788,"ХУДИ ""RICH CORP. HOODIE WHITE"" БЕЛЫЙ L"
04670332741795,"ХУДИ ""RICH CORP. HOODIE WHITE"" БЕЛЫЙ M"
04670332741801,"ХУДИ ""RICH CORP. HOODIE WHITE"" БЕЛЫЙ S"
04670332741818,"ХУДИ ""RICH CORP. HOODIE WHITE"" БЕЛЫЙ XL"
04670332741269,"ХУДИ ""SIGNATURE HOODIE BASE BLACK"" ЧЕРНЫЙ L"
04670332741276,"ХУДИ ""SIGNATURE HOODIE BASE BLACK"" ЧЁРНЫЙ M"
04670332741283,"ХУДИ ""SIGNATURE HOODIE BASE BLACK"" ЧЕРНЫЙ S"
04670332741290,"ХУДИ ""SIGNATURE HOODIE BASE BLACK"" ЧЁРНЫЙ XL"
04670332741467,"ХУДИ ""SIGNATURE HOODIE BASE BROWN"" КОРИЧНЕВЫЙ L"
04670332741474,"ХУДИ ""SIGNATURE HOODIE BASE BROWN"" КОРИЧНЕВЫЙ M"
04670332741481,"ХУДИ ""SIGNATURE HOODIE BASE BROWN"" КОРИЧНЕВЫЙ S"
04670332741498,"ХУДИ ""SIGNATURE HOODIE BASE BROWN"" КОРИЧНЕВЫЙ XL"
04670332741825,"ХУДИ ""SIGNATURE HOODIE BASE GREY"" СЕРЫЙ L"
04670332741832,"ХУДИ ""SIGNATURE HOODIE BASE GREY"" СЕРЫЙ M"
04670332741849,"ХУДИ ""SIGNATURE HOODIE BASE GREY"" СЕРЫЙ S"
04670332741856,"ХУДИ ""SIGNATURE HOODIE BASE GREY"" СЕРЫЙ XL"
04670332741948,"ХУДИ ""SIGNATURE ZIP-HOODIE BLACK"" ЧЕРНЫЙ  L"
04670332741979,"ХУДИ ""SIGNATURE ZIP-HOODIE BLACK"" ЧЕРНЫЙ XL"
04670332741726,"ХУДИ ""SIGNATURE ZIP-HOODIE GREY"" СЕРЫЙ S"
04670332742105,"ХУДИ ""WEALTH HOODIE GREEN"" ЗЕЛЕНЫЙ L"
04670332742112,"ХУДИ ""WEALTH HOODIE GREEN"" ЗЕЛЕНЫЙ M"
04670332742129,"ХУДИ ""WEALTH HOODIE GREEN"" ЗЕЛЕНЫЙ S"
04670332742136,"ХУДИ ""WEALTH HOODIE GREEN"" ЗЕЛЕНЫЙ XL"
04670332741900,"ХУДИ ""WEALTH HOODIE GREY"" СЕРЫЙ L"
04670332741917,"ХУДИ ""WEALTH HOODIE GREY"" СЕРЫЙ M"
04670332741924,"ХУДИ ""WEALTH HOODIE GREY"" СЕРЫЙ S"
04670332741931,"ХУДИ ""WEALTH HOODIE GREY"" СЕРЫЙ XL"
04670332741344,"ХУДИ ""WEALTH HOODIE MELANGE"" СЕРЫЙ L"
04670332741351,"ХУДИ ""WEALTH HOODIE MELANGE"" СЕРЫЙ M"
04670332741368,"ХУДИ ""WEALTH HOODIE MELANGE"" СЕРЫЙ S"
04670332741375,"ХУДИ ""WEALTH HOODIE MELANGE"" СЕРЫЙ XL"
04670332742716,"ХУДИ ""ZIP-HOODIE OVERSIZE BLACK"" ЧЕРНЫЙ M"
04670332742556,"ХУДИ ""ZIP-HOODIE OVERSIZE GREY"" СЕРЫЙ M"
04670332742563,"ХУДИ ""ZIP-HOODIE OVERSIZE GREY"" СЕРЫЙ S"
04670332742433,"ХУДИ ""ZIP-HOODIE OVERSIZE LIGHTGREY"" M"
04670332742594,"ХУДИ ""ZIP-HOODIE OVERSIZE WHITE"" БЕЛЫЙ M"
04670332746363,"ШАРФ ""MONEY SCARF BLACK"" ЧЕРНЫЙ 160X35"
04670332746370,"ШАРФ ""MONEY SCARF GREEN"" ЗЕЛЕНЫЙ 160X35"
04670332746387,"ШАРФ ""MONEY SCARF WHITE"" БЕЛЫЙ 160X35"
04670332746325,"ШАРФ ""MONOGRAM SCARFS BLACK"" ЧЕРНЫЙ 160X30"
04670332746332,"ШАРФ ""MONOGRAM SCARFS BLUE"" СИНИЙ 160X30"
04670332746349,"ШАРФ ""MONOGRAM SCARFS GREY"" СЕРЫЙ 160X30"
04670332746356,"ШАРФ ""MONOGRAM SCARFS RED"" КРАСНЫЙ 160X30"
04670332745281,"ШОРТЫ ""APPAREL SHORTS BLACK"" ЧЕРНЫЙ L"
04670332745274,"ШОРТЫ ""APPAREL SHORTS BLACK"" ЧЕРНЫЙ M"
04670332745267,"ШОРТЫ ""APPAREL SHORTS BLACK"" ЧЕРНЫЙ S"
04670332745298,"ШОРТЫ ""APPAREL SHORTS BLACK"" ЧЕРНЫЙ XL"
04670332745328,"ШОРТЫ ""APPAREL SHORTS MELANGE"" СЕРЫЙ L"
04670332745311,"ШОРТЫ ""APPAREL SHORTS MELANGE"" СЕРЫЙ M"
04670332745304,"ШОРТЫ ""APPAREL SHORTS MELANGE"" СЕРЫЙ S"
04670332745335,"ШОРТЫ ""APPAREL SHORTS MELANGE"" СЕРЫЙ XL"
04610634460352,"ШОРТЫ ""DIAMOND SHORTS BLACK"" ЧЕРНЫЕ L"
04610634460345,"ШОРТЫ ""DIAMOND SHORTS BLACK"" ЧЕРНЫЕ M"
04610634460338,"ШОРТЫ ""DIAMOND SHORTS BLACK"" ЧЕРНЫЕ S"
04610634460369,"ШОРТЫ ""DIAMOND SHORTS BLACK"" ЧЕРНЫЕ XL"
04610634460321,"ШОРТЫ ""DIAMOND SHORTS BLACK"" ЧЕРНЫЕ XS"
04670332745168,"ШОРТЫ ""HM SHORTS BLACK"" ЧЕРНЫЙ L"
04670332745151,"ШОРТЫ ""HM SHORTS BLACK"" ЧЕРНЫЙ M"
04670332745144,"ШОРТЫ ""HM SHORTS BLACK"" ЧЕРНЫЙ S"
04670332745175,"ШОРТЫ ""HM SHORTS BLACK"" ЧЕРНЫЙ XL"
04670332745243,"ШОРТЫ ""HM SHORTS BLUE"" СИНИЙ L"
04670332745236,"ШОРТЫ ""HM SHORTS BLUE"" СИНИЙ M"
04670332745229,"ШОРТЫ ""HM SHORTS BLUE"" СИНИЙ S"
04670332745250,"ШОРТЫ ""HM SHORTS BLUE"" СИНИЙ XL"
04670332745205,"ШОРТЫ ""HM SHORTS MELANGE"" СЕРЫЙ L"
04670332745199,"ШОРТЫ ""HM SHORTS MELANGE"" СЕРЫЙ M"
04670332745182,"ШОРТЫ ""HM SHORTS MELANGE"" СЕРЫЙ S"
04670332745212,"ШОРТЫ ""HM SHORTS MELANGE"" СЕРЫЙ XL"
04670332745366,"ШОРТЫ ""HOMME SHORTS BLACK"" ЧЕРНЫЙ L"
04670332745359,"ШОРТЫ ""HOMME SHORTS BLACK"" ЧЕРНЫЙ M"
04670332745342,"ШОРТЫ ""HOMME SHORTS BLACK"" ЧЕРНЫЙ S"
04670332745373,"ШОРТЫ ""HOMME SHORTS BLACK"" ЧЕРНЫЙ XL"
04670332745403,"ШОРТЫ ""HOMME SHORTS MELANGE"" СЕРЫЙ L"
04670332745397,"ШОРТЫ ""HOMME SHORTS MELANGE"" СЕРЫЙ M"
04670332745380,"ШОРТЫ ""HOMME SHORTS MELANGE"" СЕРЫЙ S"
04670332745410,"ШОРТЫ ""HOMME SHORTS MELANGE"" СЕРЫЙ XL"
04670332740217,"ШТАНЫ ""DIAMOND PANTS BLACK"" ЧЁРНЫЙ L"
04670332740224,"ШТАНЫ ""DIAMOND PANTS BLACK"" ЧЕРНЫЙ M"
04670332740231,"ШТАНЫ ""DIAMOND PANTS BLACK"" ЧЕРНЫЙ S"
04670332740248,"ШТАНЫ ""DIAMOND PANTS BLACK"" ЧЕРНЫЙ XL"
04670332740125,"ШТАНЫ ""DIAMOND PANTS GREY"" L"
04670332740132,"ШТАНЫ ""DIAMOND PANTS GREY"" СЕРЫЙ M"
04670332740149,"ШТАНЫ ""DIAMOND PANTS GREY"" СЕРЫЙ S"
04670332740156,"ШТАНЫ ""DIAMOND PANTS GREY"" СЕРЫЙ XL"
04670332740583,"ШТАНЫ ""SIGNATURE PANTS BASE BLACK"" ЧЕРНЫЙ L"
04670332740590,"ШТАНЫ ""SIGNATURE PANTS BASE BLACK"" ЧЁРНЫЙ M"
04670332740606,"ШТАНЫ ""SIGNATURE PANTS BASE BLACK"" ЧЕРНЫЙ S"
04670332740613,"ШТАНЫ ""SIGNATURE PANTS BASE BLACK"" ЧЕРНЫЙ XL"
04670332740668,"ШТАНЫ ""SIGNATURE PANTS BASE BROWN"" КОРИЧНЕВЫЙ L"
04670332740675,"ШТАНЫ ""SIGNATURE PANTS BASE BROWN"" КОРИЧНЕВЫЙ M"
04670332740682,"ШТАНЫ ""SIGNATURE PANTS BASE BROWN"" КОРИЧНЕВЫЙ S"
04670332740699,"ШТАНЫ ""SIGNATURE PANTS BASE BROWN"" КОРИЧНЕВЫЙ XL"
04670332740507,"ШТАНЫ ""SIGNATURE PANTS BASE GREY"" СЕРЫЙ L"
04670332740514,"ШТАНЫ ""SIGNATURE PANTS BASE GREY"" СЕРЫЙ M"
04670332740521,"ШТАНЫ ""SIGNATURE PANTS BASE GREY"" СЕРЫЙ S"
04670332740538,"ШТАНЫ ""SIGNATURE PANTS BASE GREY"" СЕРЫЙ XL"
04670332740866,"ШТАНЫ ""SIGNATURE PANTS BLACK"" ЧЕРНЫЙ L"
04670332740873,"ШТАНЫ ""SIGNATURE PANTS BLACK"" ЧЁРНЫЙ M"
04670332740880,"ШТАНЫ ""SIGNATURE PANTS BLACK"" ЧЕРНЫЙ S"
04670332740897,"ШТАНЫ ""SIGNATURE PANTS BLACK"" ЧЕРНЫЙ XL"
04670332740941,"ШТАНЫ ""SIGNATURE PANTS GREY"" СЕРЫЙ L"
04670332740958,"ШТАНЫ ""SIGNATURE PANTS GREY"" СЕРЫЙ M"
04670332740965,"ШТАНЫ ""SIGNATURE PANTS GREY"" СЕРЫЙ S"
04670332740972,"ШТАНЫ ""SIGNATURE PANTS GREY"" СЕРЫЙ XL"
04670332743003,"ШТАНЫ ""SWEETHEART PANTS SLIM"" СЕРЫЕ ЖЕНСКИЕ L"
04670332742990,"ШТАНЫ ""SWEETHEART PANTS SLIM"" СЕРЫЕ ЖЕНСКИЕ M"
04670332742983,"ШТАНЫ ""SWEETHEART PANTS SLIM"" СЕРЫЕ ЖЕНСКИЕ S"
04670332743010,"ШТАНЫ ""SWEETHEART PANTS SLIM"" СЕРЫЕ ЖЕНСКИЕ XL"
04670332742808,"ШТАНЫ ""SWEETHEART PANTS"" СЕРЫЕ L"
04670332742792,"ШТАНЫ ""SWEETHEART PANTS"" СЕРЫЕ M"
04670332742785,"ШТАНЫ ""SWEETHEART PANTS"" СЕРЫЕ S"
04670332742815,"ШТАНЫ ""SWEETHEART PANTS"" СЕРЫЕ XL"
04660732985943,"ФУТБОЛКА ""HONEY LOGO T-SHIRT BLACK"" ЧЕРНАЯ XL"
